INSERT INTO tkn1ritt5z5z8lpc.t_cursos (Nombre,Mes,`year`,IH,IH_letras,Director) VALUES
	 ('Curso Formación de Autores',12,2020,6,'Seis','Adriana Patricia Gallego Torres'),
	 ('Curso Bases de datos',5,2020,14,'Catorce','Adriana Patricia Gallego Torres'),
	 ('Seminario Ciencia y Género',6,2020,2,'Dos','Adriana Patricia Gallego Torres'),
	 ('Curso prueba online',7,2021,12,'Doce','Adriana Patricia Gallego Torres'),
	 ('Curso 2',2,2021,3,'tres','Adriana Patricia Gallego Torres'),
	 ('Curso de Ejemplo',6,2021,8,'Ocho','Adriana Patricia Gallego Torres'),
	 ('Curso Fundamentos de Programación',7,2021,20,'Veinte','Adriana Patricia Gallego Torres'),
	 ('Curso Introductorio al Software Geogebra',7,2021,20,'Veinte','Adriana Patricia Gallego Torres');
   
   
   
   INSERT INTO tkn1ritt5z5z8lpc.t_usuario (Id,Nombre,Vinculacion,Correo) VALUES
	 (0,'Oscar Cruz','Otro','oscar.cruz.edu@gmail.com'),
	 (123,'Milena','Estudiante','asdas@correo.udistrital.edu.co'),
	 (60347,'José González','Otro','ocavita@yahoo.com'),
	 (10126093,'Edith Soria Valencia','Otro','edith.soria@pucp.edu.pe'),
	 (11188860,'Alexander Rubio Alvarez','Otro','arubio@idep.edu.co'),
	 (12436915,'Libny Yasbleidy Rodriguez Chiquiza','Estudiante','lyrodriguezc@correo.udistrital.edu.co'),
	 (12969124,'Jayerth Guerra Rodríguez','Docente de planta','jguerrar@udistrital.edu.co'),
	 (23415366,'Ruby Lisbeth  Espejo Lozano','Otro','ruby.espejo@uptc.edu.co'),
	 (24081786,'Yenny Marcela Lozano Mongui ','Otro','yennymarcelalozano@hotmail.com'),
	 (24166520,'María Helena Quijano H. ','Otro','mquijano@uis.edu.co');
INSERT INTO tkn1ritt5z5z8lpc.t_usuario (Id,Nombre,Vinculacion,Correo) VALUES
	 (24954423,'Gilma de los Ríos Tobón','Otro','delortgilma@hotmail.com'),
	 (31224437,'MYRIAM DEL SOCORRO MEJÍA ECHEVERRI','Estudiante','myriamejia@hotmail.com'),
	 (33369801,'Clara Liliana Casteblanco Cifuentes','Otro','clara.casteblanco@uptc.edu.co'),
	 (40394241,'Alexandra Sashenka Perez Santos','Docente de planta','asperezs@udistrital.edu.co'),
	 (40924205,'nadenka beatriz melo brito','Docente de planta','nbmelob@udistrital.edu.co'),
	 (42638838,'Inocêncio Fernandes Balieiro Filho','Otro','inocencio.balieiro@unesp.br'),
	 (43497775,'Claudia María Cardona Londoño','Docente de planta','cmcardonal@correo.udistrital.edu.co'),
	 (43597485,'NAYIVE NIEVES PIMIENTO ','Docente de vinculación especia','nnievesp@gmail.com'),
	 (44116307,'Guillermo Alexander Quezada Castro','Otro','guillermoquezadacastro@hotmail.com'),
	 (45490256,'Mirna Patricia Bernal Martinez','Otro','mirna_patricia@yahoo.com');
INSERT INTO tkn1ritt5z5z8lpc.t_usuario (Id,Nombre,Vinculacion,Correo) VALUES
	 (46362011,'Clara Esperanza Pedraza Goyeneche','Otro','clara.pedraza@unad.edu.co'),
	 (46384248,'PATRICIA HUÉRFANO CORREA','Otro','patriciahuerfano1@gmail.com'),
	 (51722992,'MARTHA ESPERANZA OSPINA ESPITIA','Docente de planta','meospinae@edistrital.edu.co'),
	 (51839817,'Sandra Patricia Ramírez Cabanzo','Otro','cramirezsandra@gmail.com'),
	 (51943301,'Gladys Patricia Abdel Rahim Garzón','Docente de Vinculación Especia','garahimg@udistrital.edu.co'),
	 (51956392,'Carmen Leonor Pulido Segura','Docente de planta','clpulidos@udistrital.edu.co'),
	 (51958962,'Edith Constanza Negrete Soler','Otro','negretesoler@gmail.com'),
	 (51973513,'Pilar Infante Luna','Docente de planta','epinfantel@udistrital.edu.co'),
	 (51974018,'Olga Lucía Godoy Morales','Docente de planta','ogodoy@udistrital.edu.co'),
	 (51978212,'Angela María Wilches Flórez','Estudiante','amwilchesf@udistrital.edu.co');
INSERT INTO tkn1ritt5z5z8lpc.t_usuario (Id,Nombre,Vinculacion,Correo) VALUES
	 (51993911,'Adriana Gordillo Alfonso','Docente de planta','agordillo@udistrital.edu.co'),
	 (52006591,'Nubia Yaneth Beltrán Peña','Estudiante','nybeltranp@udistrital.edu.co'),
	 (52087147,'Carolina María Lozano Barrero','Docente de vinculación especia','cmlozanob@udistrital.edu.co'),
	 (52146062,'Mónica Yasmín Rueda Pinto','Otro','myasminrp@gmail.com'),
	 (52278154,'GIOVANNA PATRICIA MEDINA PULIDO','Funcionario','gpmedinap@udistrital.edu.co'),
	 (52535215,'Ana Paola Ortega ','Otro','profepao@gmail.com'),
	 (52541061,'Adriana Janneth Cortés Rodríguez ','Otro','ayanacor@gmail.com'),
	 (52647423,'Claudia Patricia Orjuela Osorio','Docente de vinculación especia','cporjuelao@correo.udistrital.edu.co'),
	 (52706422,'Yolanda Dueñas Porras','Otro','yduenas@educaconbogota.edu.co'),
	 (52707333,'Carol Paola Arévalo Santiago','Otro','podache@gmail.com');
INSERT INTO tkn1ritt5z5z8lpc.t_usuario (Id,Nombre,Vinculacion,Correo) VALUES
	 (52709763,'Francy Smith Hernández Beltrán ','Otro','smithhbf@gmail.com '),
	 (52735571,'Diana Karina López Carreño','Estudiante','dklopezc@correo.udistrital.edu.co'),
	 (52740357,'Diana Fabiola Moreno Sierra','Otro','dfmoreno@pedagogico.edu.co'),
	 (52773358,'Juliana León Suárez','Docente de vinculación especia','jpleons@correo.udistrital.edu.co'),
	 (52883308,'Sandra Milena Pérez Arcila','Estudiante','sandramilenap17@gmail.com'),
	 (52972343,'Jasleidy Torres Trujillo','Otro','cyp2biblioporvenir@udistrital.edu.co'),
	 (53005020,'Bibiana Carolina González Ruiz ','Otro','bibianagonzal@gmail.com '),
	 (53041953,'OLGA MELINA ALVARADO ','Estudiante','avolgam@correo.udistrital.edu.co'),
	 (53055094,'Laura Sofía Gutierrez Sarmiento','Otro','laurasofigutierrez@gmail.com'),
	 (53077656,'Diana Carolina Galeano Estrella','Egresado','galeanoestrella@gmail.com');
INSERT INTO tkn1ritt5z5z8lpc.t_usuario (Id,Nombre,Vinculacion,Correo) VALUES
	 (53095357,'Lady Viviana Sánchez Herrera','Egresado','lvsanchezh@correo.udistrital.edu.co'),
	 (53135247,'Yeni Rocio Cifuentes Hernández','Estudiante','bast333@hotmail.com'),
	 (53166648,'Karen Vivian García Rojas','Otro','kvivian1985@gmail.com'),
	 (63465380,'Bettina Heerdt','Otro','bettina_heerdt@yahoo.com.br'),
	 (73072572,'Roberto Enrique Figueroa Molina','Otro','robertofigueroa@mail.uniatlant'),
	 (73165633,'gregorio del cristo viloria gonzález','Estudiante','gdviloriag@correo.udistrital.edu.co'),
	 (74371532,'Hector Javier Fuentes Lopez','Docente de planta','hjfuentesl@udistrital.edu.co'),
	 (76329700,'Wilson Andres Astaiza Ruiz','Egresado','waastaizar@udistrital.edu.co'),
	 (79319014,'Fernando Martínez Rodríguez','Docente de planta','fmartinezr@udistrital.edu.co'),
	 (79425787,'JORGE ENRIQUE SALAMANCA CÉSPEDES','Docente de planta','jsalamanca@udistrital.edu.co');
INSERT INTO tkn1ritt5z5z8lpc.t_usuario (Id,Nombre,Vinculacion,Correo) VALUES
	 (79457691,'JAIME FRANCISCO PANTOJA BENAVIDES','Docente de planta','jfpantojab@udistrital.edu.co'),
	 (79537917,'John Mario Cárdenas Garzón','Docente de planta','jmcardenasg@udistrital.edu.co'),
	 (79558986,'EDILBERTO SARMIENTO SARMIENTO','Docente de planta','esarmiento@udistrital.edu.co'),
	 (79624718,'Carlos Alberto Abril Martínez ','Estudiante','cabrilm@correo.udistrital.edu.co'),
	 (79716720,'Rafael Antonio Acosta Rodríguez','Egresado','raacostar@correo.udistrital.edu.co'),
	 (79881575,'Oscar Yesid Mariño Beltrán ','Estudiante','oymarinob@unal.edu.co'),
	 (79970106,'Nelson D''Olivares Durán','Otro','nelson.dolivares@uptc.edu.co'),
	 (80170820,'Cristian Andrés Bustos Bautista ','Estudiante','cristianoalac@yahoo.es'),
	 (80177130,'Camilo Salgado Bocanegra','Docente de vinculación especia','csalgadob@correo.udistrital.edu.co'),
	 (80182505,'Jhon freddy  Portuguez','Estudiante','Jfportuguez17@gmail.com');
INSERT INTO tkn1ritt5z5z8lpc.t_usuario (Id,Nombre,Vinculacion,Correo) VALUES
	 (80224854,'Jorge Enrique Cano Molina','Egresado','jokano2@gmail.com'),
	 (80857231,'Jheysson Stive Pinzón Robayo','Estudiante','jspinzonr@correo.udistrital.edu.co'),
	 (103293777,'Daniel Alejandro Jaime Diaz ','Otro','Danialejojaimediaz26@Gmail.com'),
	 (1000000001,'Nombre del participante','Otro','lealdaniel00@gmail.com'),
	 (1000133905,'Luisa María Castañeda Benavides ','Otro','luisam1397@gmail.com'),
	 (1000159133,'David Leonardo Reyes Romero','Estudiante','dlreyesr@correo.udistrital.edu.co'),
	 (1000224574,'Lina Maria Molina Parra','Estudiante','lmmolinap@correo.udistrital.edu.co'),
	 (1000321099,'Miguel Andrés Cruz Suarez ','Estudiante','migueandrescruzsuarez@gmail.co'),
	 (1000378108,'Luisa Fernanda Galeano Quintana','Estudiante','lfgaleanoq@correo.udistrital.edu.co'),
	 (1000520721,'Alisson Camila Romero Gutierrez','Estudiante','alcromerog@correo.udistrital.edu.co');
INSERT INTO tkn1ritt5z5z8lpc.t_usuario (Id,Nombre,Vinculacion,Correo) VALUES
	 (1000578291,'Wendy alexandra ladino cuervo ','Estudiante','waladinoc@correo.udistrital.edu.co'),
	 (1000713717,'Diana Estefanía López Valbuena','Estudiante','delopezv@correo.udistrital.edu.co'),
	 (1000733545,'Yiseth Catherine Cardona Lara','Estudiante','yikardona18@gmail.com'),
	 (1000809077,'María Paula Rubiano Hernández','Estudiante','mprubianoh@correo.udistrital.edu.co'),
	 (1000810315,'Julieth Adelaida Acosta Pasachova','Estudiante','acosta.pasachova@gmail.com'),
	 (1000951184,'Angie Vanessa Ramirez Acosta','Estudiante','vane-ramirez111@hotmail.com'),
	 (1000971872,'Natalia Benavides Tocarruncho','Estudiante','nbenavidest@correo.udistrital.edu.co'),
	 (1001289186,'Maria Jose Martinez ','Otro','mariajosemartinezgaitan550@gma'),
	 (1001344783,'Brayan Enrique Bernal Lozano ','Estudiante','bernallozano5251@gmail.com'),
	 (1007105781,'Dayanna Pérez Ardila','Estudiante','dpereza@correo.udistrital.edu.co');
INSERT INTO tkn1ritt5z5z8lpc.t_usuario (Id,Nombre,Vinculacion,Correo) VALUES
	 (1007652324,'Valeria Alexandra Capador Duque ','Otro','valeria062002@outlook.es'),
	 (1007866099,'Hanna Valentina Sarmiento Márquez','Estudiante','sarmientomarquez303jr@hotmail.com'),
	 (1010115706,'Miguel Ángel Bayona Moreno','Estudiante','mabayona.com@outlook.com'),
	 (1010216634,'Josué Leonardo Quintero Chávez','Estudiante','jlquinteroc@correo.udistrital.edu.co'),
	 (1010233101,'Carlos Santiago Moreno Lozano','Estudiante','csmorenol@correo.udistrital.edu.co'),
	 (1010237284,'Dennis Tatiana Rios Urrego ','Estudiante','dtriosu@correo.udistrital.edu.co'),
	 (1010239779,'Nicolás Mendoza Gamboa','Estudiante','nmendozag@correo.udistrital.ed'),
	 (1010246454,'Angélica Esperanza Guarín Bohórquez','Estudiante','aeguarinb@correo.udistrital.ed'),
	 (1010247631,'Lisseth Milena Cruz Ruiz','Estudiante','lmcruzr@correo.udistrital.edu.'),
	 (1010248005,'Yesica Paola González Castillo','Estudiante','ypgonzalezc@correo.udistrital.edu.co');
INSERT INTO tkn1ritt5z5z8lpc.t_usuario (Id,Nombre,Vinculacion,Correo) VALUES
	 (1010248499,'Santiago Farfán Bustos','Estudiante','sfarfanb@correo.udistrital.edu.co'),
	 (1011082713,'Juan David Marulanda Oviedo','Otro','juandavidmarulandaoviedo@gmail'),
	 (1012416640,'Rominger Buritica Angulo','Estudiante','rburiticaa@correo.udistrital.edu.co'),
	 (1012436915,'Libny Yasbleidy Rodriguez Chiquiza','Estudiante','lyrodriguezc@correo.udistrital'),
	 (1012976129,'María Camila Martínez Díaz ','Otro','mariacrespisa.z@gmail.com'),
	 (1013655719,'Jersson Jareth Cuervo Rodríguez','Estudiante','jjcuervor@correo.udistrital.edu.co'),
	 (1013670569,'Juan Sebastian Fernandez Buitrago','Estudiante','jsfernandezb@correo.udistrital.edu.co'),
	 (1013682037,'Laura Juliana Jaramillo Arango','Estudiante','ljjaramilloa@correo.udistrital'),
	 (1014184520,'Juan Pablo Bohórquez Forero ','Estudiante','kaminarisama13@gmail.com'),
	 (1014191914,'Laura Valentina Granados Latorre','Otro','lgranados11260@ieciudadverde.e');
INSERT INTO tkn1ritt5z5z8lpc.t_usuario (Id,Nombre,Vinculacion,Correo) VALUES
	 (1014221821,'YENI PAOLA PARRA GUAQUESPUD','Estudiante','ypparrag@correo.udistrital.edu.co'),
	 (1014238012,'yenny Andrea Ortiz Acosta','Estudiante','yaortiza@correo.udistrital.edu.co'),
	 (1014242016,'Leidy Alexandra Castellanos Caballero','Estudiante','leacastellanosc@correo.udistrital.edu.co'),
	 (1014245580,'Jersy Katherin Quitian Rivera','Estudiante','jersy.q@hotmail.com'),
	 (1014248234,'Aura Cristina León Castro','Estudiante','aucleonc@correo.udistrital.edu.co'),
	 (1014271172,'María Camila Ibañez Pinzón','Estudiante','mcibanezp@correo.udistrital.edu.co'),
	 (1014277865,'Samuel Leandro Jimenez','Estudiante','sljimenezj@correo.udistrital.edu.co'),
	 (1015402208,'Marcela Guevara Morcote','Egresado','gmorcotem@correo.udistrital.edu.co'),
	 (1016038323,'Lorena Murcia','Egresado','lolamurc18@gmail.com'),
	 (1016055973,'Gina Alejandra Santana Medina','Estudiante','Alejasam761@gmail.com ');
INSERT INTO tkn1ritt5z5z8lpc.t_usuario (Id,Nombre,Vinculacion,Correo) VALUES
	 (1016099007,'Paula Andrea Peña Sánchez','Estudiante','papenas@correo.udistrital.edu.'),
	 (1016103685,'Pruebas jorgemario santamaria rosando de aval','Otro','xx'),
	 (1016944778,'Brenda Martinez Meneses','Otro','brendajmartinez1425@gmail.com'),
	 (1018415090,'Edgar Josué Malagón Montaña','Egresado','ejmalagon@gmail.com'),
	 (1018473471,'Miguel Ángel Delgado Cruz ','Estudiante','madelgadoc@correo.udistrital.e'),
	 (1018484174,'Edwin José Rodríguez Farfán','Estudiante','ejrodriguezf@correo.udistrital.edu.co'),
	 (1018487764,'Joan Sebastian Blanco Rincon','Egresado','joasebblarin@gmail.com'),
	 (1018491373,'Angela Daniela Rivero León','Estudiante','adriverol@correo.udistrital.edu.co'),
	 (1018491914,'Angela Maritza Torres Rico','Estudiante','amtorresr@correo.udistrital.edu.co'),
	 (1019037919,'Jhon Jairo Armesto Tren','Otro','jjarmestot@correo.udistrital.edu.co');
INSERT INTO tkn1ritt5z5z8lpc.t_usuario (Id,Nombre,Vinculacion,Correo) VALUES
	 (1019133902,'Juan Camilo Ayala Gomez','Estudiante','jcag1997@gmail.com'),
	 (1020799639,'Dayanna Andrea Garzon Ariza','Estudiante','dayis185@gmail.com'),
	 (1020825716,'Juana Valentina Ramírez Jerez','Estudiante','phjuanavalentina@gmail.com'),
	 (1020833607,'Jorge Montenegro','Estudiante','jfmontenegrob@correo.udistrital.edu.co'),
	 (1022420709,'karen lizeth gonzalez rodriguez','Estudiante','klgonzalezr@correo.udistrital.edu.co'),
	 (1022421536,'Génesis meliza Zúñiga González ','Estudiante','gmzunigag@correo.udistrital.edu.co'),
	 (1022423425,'Luisa Fernanda Calderón González ','Estudiante','lfcalderong@correo.udistrital.edu.co'),
	 (1022929424,'Duberney Paez Rincon ','Otro','duber_986@hotmail.com '),
	 (1022996767,'Libardo Lozano Yate ','Estudiante','llozanoy@correo.udistrital.edu.co'),
	 (1023014473,'Carol Daniela Segura Patiño','Estudiante','cdsegurap@gmail.com');
INSERT INTO tkn1ritt5z5z8lpc.t_usuario (Id,Nombre,Vinculacion,Correo) VALUES
	 (1023022415,'Nicolás Iván López Huertas','Estudiante','lopez9709@hotmail.com'),
	 (1023873478,'Julian Dario Castillo Ortiz','Otro','julian.castillo@agenciadetierr'),
	 (1023922398,'Gina Martín Urrego ','Egresado','giemartinu@correo.udistrital.edu.co'),
	 (1023962021,'Jerson David Morales Rodríguez','Estudiante','jedmoralesr@correo.udistrital.edu.co'),
	 (1025320568,'Maria Camila Isaza Murillo','Otro','mcamilaimurillo08@gmail.com'),
	 (1025461211,'Valentina Cerquera Díaz ','Otro','valentinacerqueradiaz1@gmail.c'),
	 (1025461543,'Aaron Quijano','Otro','Aaronestebanq@gmail.com'),
	 (1025524098,'Alison Vargas García ','Otro','alisonvg2004@gmail.com '),
	 (1026260959,'Héctor Ángel Rincón Camargo','Estudiante','hearinconc@correo.udistrital.edu.co'),
	 (1026263565,'Jonatan Lopez Castillo','Otro','jotampezcas@gmail.com');
INSERT INTO tkn1ritt5z5z8lpc.t_usuario (Id,Nombre,Vinculacion,Correo) VALUES
	 (1026267132,'Óscar Iván Montero Ortiz','Funcionario','oimontero@udistrital.edu.co'),
	 (1026270115,'Carol Lizeth Vega Hurtado','Egresado','quimicarol194@gmail.com'),
	 (1026279240,'MAYCOL FERNEY MUÑOZ SANCHEZ','Estudiante','mfmunozs@correo.udistrital.edu.co'),
	 (1026285071,'Nilson Arley Flórez Arias','Egresado','na.florez.arias@gmail.com'),
	 (1026301725,'Pedro Alejandro Mendivelso Rodríguez','Estudiante','pamendivelsor@correo.udistrital.edu.co'),
	 (1026569067,'David Ricardo Maldonado Porras','Egresado','davidrmp91@gmail.com'),
	 (1026584283,'Richard Andrés Malambo Molano','Estudiante','ramalambom@correo.udistrital.edu.co'),
	 (1030567342,'Diego Sebastián Medina Morales','Estudiante','cable-ozito@hotmail.com'),
	 (1030573072,'Ivon Emilce Gómez Barbosa','Estudiante','ivegomezb@correo.udistrital.edu.co'),
	 (1030612830,'Juana Andrea Amado Castillo','Egresado','anadi1992@hotmail.com');
INSERT INTO tkn1ritt5z5z8lpc.t_usuario (Id,Nombre,Vinculacion,Correo) VALUES
	 (1030662848,'Jhon Alexander Peña Martín','Estudiante','japenam@correo.udistrital.edu.co'),
	 (1030668595,'Brayan Humberto Ramirez Peña','Estudiante','bhramirezp@correo.udistrital.edu.co'),
	 (1031132108,'Gyhid Jeswen Rojas Cardozo','Estudiante','gyhidroca@gmail.com'),
	 (1031139691,'Lizeth Fino Peña','Egresado','lfinop@correo.udistrital.edu.co'),
	 (1031146508,'Miguel David Piñeros Collantes','Estudiante','mdpinerosc@correo.udistrital.edu.co'),
	 (1031181475,'Juan David Gunturiz Amaya','Estudiante','jdgunturiza@correo.udistrital.edu.co'),
	 (1031640833,'Sergio Hernando Castellanos Gutierrez ','Otro','secastellanosg@unal.edu.co'),
	 (1032361679,'Claudia Janneth Jaramillo Sánchez','Otro','cjaramillos@educacionbogota.ed'),
	 (1032473466,'Walter Fernando Peña Colorado ','Estudiante','wfpenac@correo.udistrital.edu.co'),
	 (1032473978,'Olga Lissette Sierra Bonilla ','Estudiante','lizzethe19@gmail.com');
INSERT INTO tkn1ritt5z5z8lpc.t_usuario (Id,Nombre,Vinculacion,Correo) VALUES
	 (1032490904,'Mónica Sofía Farfán González','Egresado','msfarfang@correo.udistrital.edu.co'),
	 (1032499473,'Leidy Carolina Carvajal Duque','Estudiante','Lccarvajald@correo.udistrital.edu.co'),
	 (1032503381,'Laura Sofía Rodriguez Ramirez','Otro','sofiarodriguezr99@gmail.com'),
	 (1032508089,'Esmeralda Rueda Marin','Estudiante','esmeraldarueda01@gmail.com'),
	 (1032797971,'María Camila Farfán González','Otro','Camilitafargon@gmail.com'),
	 (1032936769,'Sebastian Alejandro Villamil Bonilla','Estudiante','savillamilb@correo.udistrital.edu.co'),
	 (1033760175,'Sandra Milena Cohecha Gutiérrez','Estudiante','smcohechag@correo.udistrital.edu.co'),
	 (1033760176,'Julian Zuluaga Garcia','Egresado','jmzuluagag@correo.udistrital.edu.co'),
	 (1033782654,'Johanna Carolina Bain Loayza','Estudiante','jcbainl@correo.udistrital.edu.co'),
	 (1049641837,'Jose David Largo Rodriguez ','Estudiante','Jodlargor@correo.udistrital.edu.co');
INSERT INTO tkn1ritt5z5z8lpc.t_usuario (Id,Nombre,Vinculacion,Correo) VALUES
	 (1052399932,'Dayana Amarillo Fernandez','Estudiante','ldamarillof@correo.udistrital.edu.co'),
	 (1061657071,'Robinson Gomez Ortiz','Estudiante','rgomezo@correo.udistrital.edu.co'),
	 (1068666174,'Wilfredo Florez Durango ','Otro','wiljarde@gmail.com '),
	 (1071328608,'Jose Manuel Chauta Torres','Docente de vinculación especia','jmchautat@udistrital.edu.co'),
	 (1073245760,'Daniela Rodríguez Beltrán','Estudiante','drodriguezb@correo.udistrital.edu.co'),
	 (1073711114,'Camilo Andrés Martínez Rodríguez','Estudiante','camandres10@gmail.com'),
	 (1075267293,'Jhon Eduardo Mosquera Perez','Otro','jhon58745@hotmail.com'),
	 (1075287729,'Luz Edith Narváez Chamorro','Estudiante','lenarvaez@correo.udistrital.edu.co'),
	 (1077088689,'Luis Eduardo Bisbicus Guanga','Egresado','lebisbicusg@correo.udistrital.edu.co'),
	 (1078369415,'Richard Vladimir Surata Espinosa ','Estudiante','rvsuratae@correo.udistrital.edu.co');
INSERT INTO tkn1ritt5z5z8lpc.t_usuario (Id,Nombre,Vinculacion,Correo) VALUES
	 (1078371182,'Luis Santiago Saldaña Lozano','Egresado','lssaldanal@correo.udistrital.edu.co'),
	 (1090474792,'Brenda Vannessa Aza Beltrán','Estudiante','bvazab@correo.udistrital.edu.co'),
	 (1102381496,'Silvia Juliana Galvis Silva ','Otro','sgalvis1426@gmail.com'),
	 (1110177642,'Rhonal Smith Patiño Guevara','Estudiante','rspatinog@correo.udistrital.edu.co'),
	 (1111204351,'Tatiana Alejandra Santos Vargas ','Estudiante','tatianavargas1@hotmail.com '),
	 (1129244070,'Michael Arturo Sánchez Velásquez ','Otro','michael.arturo77@gmail.com'),
	 (1233494960,'Jenny Catherin Herrera León','Estudiante','jecherreral@correo.udistrital.edu.co'),
	 (1233501518,'Camila Andrea Medina Bello','Estudiante','caamedinab@correo.udistrital.e'),
	 (1233893428,'sandy milena correa coronado ','Estudiante','milenacorreacoronado@gmail.com'),
	 (1233898703,'Odilia Katherin Alcazar Polo','Egresado','okalcazarp@correo.udistrital.edu.co');
INSERT INTO tkn1ritt5z5z8lpc.t_usuario (Id,Nombre,Vinculacion,Correo) VALUES
	 (1233903128,'MARIA ALEJANDRA MONDRAGON GONZALEZ','Estudiante','mamondragong@correo.udistrital.edu.co'),
	 (1233908846,'Fabiana Andrea Vergara Martinez','Estudiante','favergaram@correo.udistrital.edu.co');
   
   
   
   INSERT INTO tkn1ritt5z5z8lpc.t_login (`User`,Pass) VALUES
	 ('user','user'),
	 ('123','123');
   
   INSERT INTO tkn1ritt5z5z8lpc.t_log (`User`,Id_certificado,Id_curso,Id,Fecha,Razon) VALUES
	 ('"user"',85,20,1001344783,'0000-00-00 00:00:00','Creación de Certificado'),
	 ('"user"',87,20,1018491914,'2021-08-26 10:08:13','Creación de Certificado');
   
   
   INSERT INTO tkn1ritt5z5z8lpc.t_usuario_curso (Id,Id_Curso) VALUES
	 (79319014,1),
	 (1033760175,1),
	 (1018484174,15),
	 (1018484174,1),
	 (123,16),
	 (0,15),
	 (1018484174,3),
	 (1000000001,17),
	 (1000224574,19),
	 (1000159133,20);
INSERT INTO tkn1ritt5z5z8lpc.t_usuario_curso (Id,Id_Curso) VALUES
	 (51943301,20),
	 (1018487764,20),
	 (51956392,20),
	 (79558986,20),
	 (40394241,20),
	 (1026279240,20),
	 (1110177642,20),
	 (1014221821,20),
	 (1000520721,20),
	 (51974018,20);
INSERT INTO tkn1ritt5z5z8lpc.t_usuario_curso (Id,Id_Curso) VALUES
	 (1001344783,20),
	 (1031146508,20),
	 (1018491914,20),
	 (1015402208,20),
	 (1000809077,20),
	 (79716720,20),
	 (1233898703,20);
